id;first_name;last_name;phone_number;email;delivery_address;feedback
1;Raheem;Grimes;Refined Squares;Ciara_Johns53@gmail.com;back-end;granular Direct contextually-based
2;Luz;Kautzer;copying;Ellsworth51@hotmail.com;supply-chains magenta;encompassing
3;Deion;Weissnat;conglomeration;Keara.Prosacco@yahoo.com;Engineer;Exclusive Moroccan Dirham card
4;Caleigh;Graham;Computers Personal Loan Account Berkshire;Alexanne_Gottlieb@gmail.com;Public-key Granite;Way Dominican Republic
5;Larry;Osinski;navigate;Deanna.Rempel47@gmail.com;Orchestrator deliver;Licensed hacking installation
6;Chyna;Powlowski;HDD;Marianne71@gmail.com;open-source turn-key;Sausages
7;Maryse;Hyatt;Cambridgeshire hacking;Evan20@hotmail.com;Tanzania Fiji Dollar Profound;parsing
8;Kaylah;Larkin;content-based Executive;Spencer_Lynch63@hotmail.com;B2B;Saint Helena Pound programming
9;Russel;Torphy;optical invoice;Tre_Crooks66@gmail.com;Alabama transform;invoice Home Gloves
10;Katelynn;Kuhic;Ports Manager Fish;Dave17@gmail.com;world-class program alarm;Nevada
