id;command_id;payment_method;about_us;recommandation;social_media;order_date
1;Berkshire;true;Ergonomic;Strategist target;Investor users dot-com;2020-06-04T01:13:11
2;Libyan Dinar CSS;false;Bedfordshire Alaska calculate;Chips;Villages uniform PCI;2020-06-03T22:45:25
3;Factors;false;Venezuela Wisconsin;SDD disintermediate reinvent;eco-centric Bedfordshire mesh;2020-06-04T07:13:46
4;calculating Intranet Ergonomic Concrete Soap;true;intuitive Open-architected system-worthy;program;Metal array France;2020-06-04T09:35:09
5;schemas Synergistic Personal Loan Account;false;Beauty Auto Loan Account;deposit;extend Unbranded Fresh Pants Tools;2020-06-04T02:48:34
6;interfaces;true;implementation;Wallis and Futuna;generating;2020-06-03T20:03:09
7;Assimilated;false;frame Brunei Darussalam interface;compress lavender Investment Account;backing up;2020-06-04T12:02:13
8;relationships Philippine Peso;false;Frozen Analyst card;redundant;content;2020-06-03T22:50:43
9;Ameliorated;false;Refined infomediaries Som;Salad;ROI;2020-06-04T10:56:50
10;Handmade Tuna;true;invoice;alarm Jamaica;system Gorgeous Rubber Pants;2020-06-04T12:53:41
